,store_id,name,email,address
0,99-tea-house-fremont-2,99% Tea House,99-tea-house-fremont-2@oxy.edu,3623 Thornton Ave
1,one-tea-fremont-2,One Tea,one-tea-fremont-2@aol.com,46809 Warm Springs Blvd
2,royaltea-usa-fremont,Royaltea USA,royaltea-usa-fremont@oxy.edu,38509 Fremont Blvd
3,teco-tea-and-coffee-bar-fremont,TECO Tea & Coffee Bar,teco-tea-and-coffee-bar-fremont@bobalover.com,39030 Paseo Padre Pkwy
4,t-lab-fremont-3,T-LAB,t-lab-fremont-3@aol.com,34133 Fremont Blvd
5,q-tea-monster-newark,Q-Tea Monster,q-tea-monster-newark@gmail.com,39181 Cedar Blvd
6,gong-cha-fremont,Gong Cha,gong-cha-fremont@bobalover.com,46827 Warm Springs Blvd
7,happy-lemon-fremont-2,Happy Lemon,happy-lemon-fremont-2@gmail.com,46873 Warm Spring Blvd
8,factory-tea-bar-fremont-2,Factory Tea Bar,factory-tea-bar-fremont-2@oxy.edu,46461 Mission Blvd
9,super-cue-cafe-fremont,Super Cue Cafe,super-cue-cafe-fremont@gmail.com,43743 Boscell Rd
10,milk-and-honey-cafe-fremont,Milk and Honey Cafe,milk-and-honey-cafe-fremont@gmail.com,34265 Fremont Blvd
11,tea-island-fremont-2,Tea Island,tea-island-fremont-2@yahoo.com,46196 Warm Springs Blvd
12,taro-taro-dessert-and-tea-house-fremont,Taro Taro Dessert & Tea House,taro-taro-dessert-and-tea-house-fremont@oxy.edu,6018 Stevenson Blvd
13,i-tea-fremont-2,i-Tea,i-tea-fremont-2@gmail.com,43421 Christy St
14,i-tea-newark,i-Tea,i-tea-newark@aol.com,34925 Newark Blvd
15,sharetea-fremont-2,Sharetea,sharetea-fremont-2@oxy.edu,3948 Washington Blvd
16,urbain-tea-fremont,uRbain tea,urbain-tea-fremont@yahoo.com,1590 Washington Blvd
17,mandro-teahouse-newark-3,MandRo Teahouse,mandro-teahouse-newark-3@yahoo.com,34956 Newark Blvd
18,gong-cha-newark,Gong Cha,gong-cha-newark@aol.com,39730 Cedar Blvd
19,tea-six-fremont-2,Tea Six,tea-six-fremont-2@bobalover.com,34460 Fremont Blvd
20,tata-teahouse-fremont-2,Tata Teahouse,tata-teahouse-fremont-2@bobalover.com,39230 Argonaut Way
21,tea-station-newark,Tea Station,tea-station-newark@gmail.com,39115 Cedar Blvd
22,sno-crave-tea-house-fremont,Sno-Crave Tea House,sno-crave-tea-house-fremont@bobalover.com,43773 Boscell Rd
23,boba-queen-fremont,Boba Queen,boba-queen-fremont@aol.com,34420 Fremont Blvd
24,t4-tea-fremont-2,T4 Tea,t4-tea-fremont-2@oxy.edu,43430 Mission Blvd
25,boba-fitt-drinks-union-city,Boba Fitt Drinks,boba-fitt-drinks-union-city@oxy.edu,31877 Alvarado Blvd
26,sweet-home-cafe-fremont-2,Sweet Home Cafe,sweet-home-cafe-fremont-2@aol.com,6068 Stevenson Blvd
27,tea-era-mountain-view-2,Tea Era,tea-era-mountain-view-2@aol.com,271 Castro St
28,teaspoon-los-altos,Teaspoon,teaspoon-los-altos@oxy.edu,4546 El Camino Real
29,t4-fremont-8,T4,t4-fremont-8@gmail.com,46132 Warm Springs Blvd
30,my-delights-fremont,My Delights,my-delights-fremont@gmail.com,43486 Ellsworth St
31,t4-fremont-3,T4,t4-fremont-3@yahoo.com,36400 Fremont Blvd
32,sno-crave-teahouse-union-city,Sno-Crave Teahouse,sno-crave-teahouse-union-city@yahoo.com,1788 Decoto Rd
33,sharetea-union-city-3,Sharetea,sharetea-union-city-3@gmail.com,34391 Alvarado Niles Rd
34,tastea-san-jose-2,Tastea,tastea-san-jose-2@bobalover.com,1160 N Capitol Ave
35,i-tea-castro-valley,i-Tea,i-tea-castro-valley@aol.com,20666 Redwood Rd
36,caface-newark-2,CaFace,caface-newark-2@aol.com,6180 Jarvis Ave
37,tea-villa-milpitas,Tea Villa,tea-villa-milpitas@bobalover.com,1679 N Milpitas Blvd
38,mr-green-bubble-union-city,Mr Green Bubble,mr-green-bubble-union-city@oxy.edu,1644 Decoto Rd
39,pop-tea-bar-palo-alto-2,Pop Tea Bar,pop-tea-bar-palo-alto-2@aol.com,456 Cambridge Ave
40,i-tea-milpitas,i-Tea,i-tea-milpitas@aol.com,760 E Calaveras Blvd
41,joy-4-tea-union-city,Joy 4 Tea,joy-4-tea-union-city@yahoo.com,32148 Alvarado Blvd
42,sweet-coco-fremont-3,Sweet CoCo,sweet-coco-fremont-3@aol.com,46164 Warm Springs Blvd
43,icy-blue-fremont,Icy Blue,icy-blue-fremont@aol.com,43360 Mission Blvd
44,teatop-milpitas,TeaTop,teatop-milpitas@aol.com,82 Ranch Dr
45,ten-ren-tea-co-of-milpitas-milpitas,Ten Ren Tea Co of Milpitas,ten-ren-tea-co-of-milpitas-milpitas@bobalover.com,1732 N Milpitas Blvd
46,fantasia-coffee-and-tea-milpitas-2,Fantasia Coffee & Tea,fantasia-coffee-and-tea-milpitas-2@gmail.com,528 Barber Ln
47,tapioca-express-union-city-2,Tapioca Express,tapioca-express-union-city-2@bobalover.com,1707 Decoto Rd
48,gong-cha-palo-alto,Gong Cha,gong-cha-palo-alto@bobalover.com,439 Waverley St
49,sharetea-san-leandro-3,Sharetea,sharetea-san-leandro-3@bobalover.com,699 Lewelling Blvd
50,boba-guys-san-francisco-6,Boba Guys,boba-guys-san-francisco-6@oxy.edu,429 Stockton St
51,boba-guys-san-francisco-4,Boba Guys,boba-guys-san-francisco-4@yahoo.com,3491 19th St
52,wonderful-dessert-and-cafe-san-francisco-2,Wonderful Dessert & Cafe,wonderful-dessert-and-cafe-san-francisco-2@yahoo.com,2035 Irving St
53,little-sweet-san-francisco-10,Little Sweet,little-sweet-san-francisco-10@aol.com,3836 Geary Blvd
54,teaspoon-san-francisco,Teaspoon,teaspoon-san-francisco@gmail.com,2125 Polk St
55,boba-guys-san-francisco-10,Boba Guys,boba-guys-san-francisco-10@aol.com,1522 Fillmore St
56,i-tea-san-francisco-3,i-Tea,i-tea-san-francisco-3@yahoo.com,253 Kearny St
57,boba-guys-san-francisco-7,Boba Guys,boba-guys-san-francisco-7@bobalover.com,8 Octavia St
58,plentea-san-francisco-san-francisco,Plentea - San Francisco,plentea-san-francisco-san-francisco@gmail.com,341 Kearny St
59,steap-tea-bar-san-francisco-3,Steap Tea Bar,steap-tea-bar-san-francisco-3@oxy.edu,827 Sacramento St
60,purple-kow-san-francisco-2,Purple Kow,purple-kow-san-francisco-2@bobalover.com,3620 Balboa St
61,omg-tea-san-francisco,OMG Tea,omg-tea-san-francisco@bobalover.com,2891 San Bruno Ave
62,asha-tea-house-san-francisco,Asha Tea House,asha-tea-house-san-francisco@oxy.edu,17 Kearny St
63,super-cue-cafe-san-francisco,Super Cue Cafe,super-cue-cafe-san-francisco@yahoo.com,1139 Taraval St
64,boba-guys-san-francisco-15,Boba Guys,boba-guys-san-francisco-15@yahoo.com,1002 16th St
65,infinitea-san-francisco,InfiniTea,infinitea-san-francisco@yahoo.com,5351 Geary Blvd
66,steep-san-francisco-2,STEEP,steep-san-francisco-2@yahoo.com,240 Ritch St
67,mr-t-cafe-san-francisco,Mr. T Cafe,mr-t-cafe-san-francisco@bobalover.com,4689 Mission St
68,tpumps-san-francisco,Tpumps,tpumps-san-francisco@yahoo.com,1916 Irving St
69,tj-cups-san-francisco-5,TJ Cups,tj-cups-san-francisco-5@bobalover.com,2437 Noriega St
70,wondertea-san-francisco-4,Wondertea,wondertea-san-francisco-4@gmail.com,2250 Irving St
71,the-boba-shop-san-francisco-4,The Boba Shop,the-boba-shop-san-francisco-4@oxy.edu,2071 3rd St
72,steep-creamery-and-tea-san-francisco,STEEP Creamery & Tea,steep-creamery-and-tea-san-francisco@aol.com,270 Brannan St
73,bubblecup-san-francisco-2,Bubblecup,bubblecup-san-francisco-2@oxy.edu,1900 Clement St
74,sweet-a-little-san-francisco-12,Sweet A Little,sweet-a-little-san-francisco-12@gmail.com,
75,tea-hut-san-francisco-2,Tea Hut,tea-hut-san-francisco-2@yahoo.com,2815 California St
76,i-tea-san-francisco-2,i-Tea,i-tea-san-francisco-2@oxy.edu,2150 Irving St
77,tancca-san-francisco-3,Tancca,tancca-san-francisco-3@bobalover.com,5015 Geary Blvd
78,sharetea-san-francisco-3,Sharetea,sharetea-san-francisco-3@oxy.edu,135 4th St
79,mi-tea-san-francisco,Mi-Tea,mi-tea-san-francisco@oxy.edu,645 Irving St
80,bb-tea-station-san-francisco-3,BB Tea Station,bb-tea-station-san-francisco-3@aol.com,1314 Noriega St
81,tea-fm-san-francisco-3,Tea FM,tea-fm-san-francisco-3@aol.com,1353 Taraval St
82,keep-it-san-francisco-6,Keep it,keep-it-san-francisco-6@bobalover.com,1170 Powell St
83,mr-and-mrs-tea-house-san-francisco,Mr & Mrs Tea House,mr-and-mrs-tea-house-san-francisco@yahoo.com,544 Clement
84,e-tea-san-francisco,E Tea,e-tea-san-francisco@bobalover.com,5344 Geary Blvd
85,gosu-san-francisco,Gosu,gosu-san-francisco@aol.com,1014 Clement St
86,homeplate-boba-san-francisco,Homeplate Boba,homeplate-boba-san-francisco@oxy.edu,131-155 King St
87,cuppa-san-francisco,Cuppa,cuppa-san-francisco@gmail.com,2810 Diamond St
88,super-cue-cafe-san-francisco-2,Super Cue Cafe,super-cue-cafe-san-francisco-2@oxy.edu,1330 Ocean Ave
89,puppy-bobar-san-francisco,Puppy Bobar,puppy-bobar-san-francisco@bobalover.com,1142 Grant Ave
90,cool-tea-bar-san-francisco-4,Cool Tea Bar,cool-tea-bar-san-francisco-4@aol.com,103 Waverly Pl
91,little-heaven-deli-san-francisco,Little Heaven Deli,little-heaven-deli-san-francisco@aol.com,2348 Mission St
92,5-sweets-san-francisco,5 Sweets,5-sweets-san-francisco@yahoo.com,1125 Ocean Ave 102
93,good-earth-cafe-san-francisco-2,Good Earth Cafe,good-earth-cafe-san-francisco-2@yahoo.com,835 Kearny St
94,sweethut-san-francisco,Sweethut,sweethut-san-francisco@bobalover.com,519 Clement St
95,frostea-daly-city-2,FrosTea,frostea-daly-city-2@aol.com,6178 Mission St
96,teaone-san-francisco-5,Teaone,teaone-san-francisco-5@yahoo.com,5336 Geary Blvd
97,fifty-fifty-coffee-and-tea-san-francisco,Fifty / Fifty Coffee and Tea,fifty-fifty-coffee-and-tea-san-francisco@aol.com,3157 Geary Blvd
98,honey-creme-and-tea-san-francisco,Honey Creme &Tea,honey-creme-and-tea-san-francisco@gmail.com,839 Irving St
99,bambu-san-francisco-3,BAMBU,bambu-san-francisco-3@yahoo.com,6050 Geary Blvd
100,i-tea-oakland,i-Tea,i-tea-oakland@gmail.com,388 9th St
101,mr-green-bubble-oakland,Mr Green Bubble,mr-green-bubble-oakland@gmail.com,4299 Piedmont Ave
102,t-and-bowl-oakland,T&Bowl,t-and-bowl-oakland@yahoo.com,901 Franklin St
103,u-cha-berkeley,U Cha,u-cha-berkeley@bobalover.com,2199 Bancroft Way
104,the-sweet-booth-oakland,The Sweet Booth,the-sweet-booth-oakland@aol.com,388 9th St
105,asha-tea-house-berkeley,Asha Tea House,asha-tea-house-berkeley@oxy.edu,2086 University Ave
106,i-tea-alameda,i-Tea,i-tea-alameda@yahoo.com,1626 Park St
107,t4-oakland,T4,t4-oakland@bobalover.com,1068 Webster St
108,wing-man-oakland-3,Wing Man,wing-man-oakland-3@yahoo.com,5295 College Ave
109,sharetea-berkeley,Sharetea,sharetea-berkeley@aol.com,2440 Bancroft Way
110,happy-lemon-berkeley-berkeley,Happy Lemon Berkeley,happy-lemon-berkeley-berkeley@aol.com,2106 Shattuck Ave
111,milk-tea-lab-pleasant-hill,Milk Tea Lab,milk-tea-lab-pleasant-hill@yahoo.com,1972 Contra Costa Blvd
112,boba-ninja-berkeley,Boba Ninja,boba-ninja-berkeley@yahoo.com,2519B Durant Ave
113,sharetea-alameda-4,Sharetea,sharetea-alameda-4@oxy.edu,2670 5th St
114,purple-kow-berkeley-2,Purple Kow,purple-kow-berkeley-2@gmail.com,2164 Center St
115,teaway-alameda,Teaway,teaway-alameda@oxy.edu,2402 Central Ave
116,i-tea-walnut-creek-3,i-Tea,i-tea-walnut-creek-3@oxy.edu,1245 N Broadway
117,sweetheart-cafe-oakland,Sweetheart Cafe,sweetheart-cafe-oakland@gmail.com,315 9th St
118,gelato-firenze-and-qtea-bar-oakland,Gelato Firenze and QTea Bar,gelato-firenze-and-qtea-bar-oakland@yahoo.com,478 Lake Park Ave
119,tea-delight-alameda-2,Tea Delight,tea-delight-alameda-2@yahoo.com,650 Central Ave
120,quickly-oakland-4,Quickly,quickly-oakland-4@aol.com,1243 33rd Ave
121,i-tea-san-leandro-2,i-Tea,i-tea-san-leandro-2@aol.com,177 Pelton Ctr Way
122,50-tea-oakland,50 Tea,50-tea-oakland@aol.com,1004 Webster St
123,tea-press-berkeley-2,Tea Press,tea-press-berkeley-2@bobalover.com,2552 Bancroft Way
124,taiwan-bento-oakland-4,Taiwan Bento,taiwan-bento-oakland-4@oxy.edu,412 22nd St
125,u-tea-cafe-oakland,U Tea Cafe,u-tea-cafe-oakland@oxy.edu,1728 A Franklin St
126,t4-alameda-2,T4,t4-alameda-2@bobalover.com,1431 A Park St
127,teazzert-alameda,Teazzert,teazzert-alameda@yahoo.com,1342 Park St
128,qteabar-oakland,QTeaBar,qteabar-oakland@oxy.edu,478 Lake Park Ave
129,the-burrow-brisbane-4,The Burrow,the-burrow-brisbane-4@yahoo.com,109 Visitacion
130,sweet-belly-oakland,Sweet Belly,sweet-belly-oakland@yahoo.com,435 19th St
131,sancha-bar-oakland-3,Sancha Bar,sancha-bar-oakland-3@bobalover.com,251 9th St
132,alice-street-bakery-café-oakland-2,Alice Street Bakery Café,alice-street-bakery-café-oakland-2@bobalover.com,251 10th St
133,t4-san-leandro,T4,t4-san-leandro@yahoo.com,1443 E 14th St
134,quickly-oakland-5,Quickly,quickly-oakland-5@yahoo.com,3306 Lakeshore Ave
135,bubble-tea-share-time-berkeley,Bubble Tea Share Time,bubble-tea-share-time-berkeley@oxy.edu,1938 Shattuck Ave
136,shooting-star-cafe-oakland,Shooting Star Cafe,shooting-star-cafe-oakland@gmail.com,1022 Webster St
137,pekoe-san-jose,Pekoe,pekoe-san-jose@oxy.edu,3276 S White Rd
138,tea-lyfe-drinks-san-jose-3,Tea Lyfe Drinks,tea-lyfe-drinks-san-jose-3@yahoo.com,989 Story Rd
139,teahee-san-jose,Teahee,teahee-san-jose@oxy.edu,979 Story Rd
140,boba-pub-san-jose,Boba Pub,boba-pub-san-jose@yahoo.com,1576 Branham Ln
141,teaspoon-san-jose-2,Teaspoon,teaspoon-san-jose-2@bobalover.com,4328 Moorpark Ave
142,passion-t-snacks-and-desserts-san-jose,Passion-T Snacks and Desserts,passion-t-snacks-and-desserts-san-jose@oxy.edu,2266 Senter Rd
143,pop-up-tea-coffee-and-snacks-san-jose,"Pop Up Tea, Coffee & Snacks",pop-up-tea-coffee-and-snacks-san-jose@gmail.com,185 Branham Ln
144,happy-lemon-san-jose-5,Happy Lemon,happy-lemon-san-jose-5@oxy.edu,3005 Silver Creek Rd
145,boba-bar-san-jose-3,Boba Bar,boba-bar-san-jose-3@bobalover.com,310 S 3rd St
146,sinceretea-san-jose-2,Sinceretea,sinceretea-san-jose-2@gmail.com,392 E Taylor St
147,bobateani-san-jose,Bobateani,bobateani-san-jose@gmail.com,75 E Santa Clara St
148,soyful-desserts-san-jose-2,Soyful Desserts,soyful-desserts-san-jose-2@bobalover.com,999 Story Rd
149,one-tea-san-jose-4,One Tea,one-tea-san-jose-4@aol.com,231 E Santa Clara St
150,i-tea-san-jose,i-Tea,i-tea-san-jose@yahoo.com,2936 Aborn Square Rd
151,the-tea-zone-and-fruit-bar-san-jose,The Tea Zone & Fruit Bar,the-tea-zone-and-fruit-bar-san-jose@aol.com,980 S Winchester Blvd
152,createave-cafe-san-jose-4,Createave Cafe,createave-cafe-san-jose-4@yahoo.com,1698 Hostetter Rd
153,tleaf-teapresso-san-jose-3,Tleaf Teapresso,tleaf-teapresso-san-jose-3@gmail.com,860 Blossom Hill Rd
154,katea-san-jose,Katea,katea-san-jose@bobalover.com,5700 Village Oaks Dr
155,teatop-san-jose-2,TeaTop,teatop-san-jose-2@bobalover.com,6158 Bollinger Rd
156,bubbly-san-jose-4,Bubbly,bubbly-san-jose-4@aol.com,1816 Tully Rd
157,vampire-penguin-featuring-jastea-san-jose,Vampire Penguin featuring Jastea,vampire-penguin-featuring-jastea-san-jose@yahoo.com,2671 Cropley Ave
158,simply-boba-san-jose,Simply Boba,simply-boba-san-jose@oxy.edu,3005 Silver Creek Rd
159,happy-lemon-cupertino,Happy Lemon,happy-lemon-cupertino@oxy.edu,20488 Stevens Creek Blvd
160,amor-cafe-and-tea-san-jose,Amor Cafe and Tea,amor-cafe-and-tea-san-jose@yahoo.com,110 E San Fernando St
161,shincha-tea-san-jose-3,Shincha Tea,shincha-tea-san-jose-3@aol.com,2487 Alvin Ave
162,sharetea-santa-clara-3,Sharetea,sharetea-santa-clara-3@gmail.com,1171 Homestead Rd
163,chatime-san-jose-san-jose-3,ChaTime San Jose,chatime-san-jose-san-jose-3@oxy.edu,311 N Capitol Ave
164,pure-tea-bar-san-jose,Pure Tea Bar,pure-tea-bar-san-jose@gmail.com,6195 Santa Teresa Blvd
165,t-spot-boba-drinks-and-snacks-san-jose,T Spot Boba Drinks & Snacks,t-spot-boba-drinks-and-snacks-san-jose@oxy.edu,2520 Berryessa Rd
166,meow-tea-san-jose,Meow Tea,meow-tea-san-jose@aol.com,2857 Senter Rd
167,fantasia-coffee-and-tea-san-jose-4,Fantasia Coffee & Tea,fantasia-coffee-and-tea-san-jose-4@aol.com,378 Santana Row
168,monster-boba-cupertino-3,Monster Boba,monster-boba-cupertino-3@bobalover.com,10787 S Blaney Ave
169,teasociety-san-jose,Teasociety,teasociety-san-jose@yahoo.com,1658 E Capitol Expy
170,bfresh-snacks-and-drinks-san-jose,BFresh Snacks & Drinks,bfresh-snacks-and-drinks-san-jose@aol.com,3005 Silver Creek Rd
171,beibay-tea-san-jose,BeiBay Tea,beibay-tea-san-jose@bobalover.com,1180 Blossom Hill Rd
172,gong-cha-san-jose-19,Gong Cha,gong-cha-san-jose-19@yahoo.com,1701 Lundy Ave
173,sweet-gelato-tea-lounge-san-jose,Sweet Gelato Tea Lounge,sweet-gelato-tea-lounge-san-jose@yahoo.com,979 Story Rd
174,sharetea-san-jose-3,Sharetea,sharetea-san-jose-3@bobalover.com,1728 Hostetter Rd
175,gong-cha-san-jose-8,Gong Cha,gong-cha-san-jose-8@gmail.com,1600 Saratoga Ave
176,soyful-desserts-san-jose-8,Soyful Desserts,soyful-desserts-san-jose-8@bobalover.com,3005 Silver Creek Rd
177,oooh-san-jose-4,Oooh,oooh-san-jose-4@yahoo.com,1783 E Capitol Expwy
178,the-tea-zone-lounge-san-jose,The Tea Zone Lounge,the-tea-zone-lounge-san-jose@bobalover.com,403 N Capitol Ave
179,the-moo-bar-santa-clara,The Moo Bar,the-moo-bar-santa-clara@yahoo.com,1080 Kiely Blvd
180,tapioca-express-san-jose-8,Tapioca Express,tapioca-express-san-jose-8@gmail.com,81 Curtner Ave
181,purple-kow-san-jose-4,Purple Kow,purple-kow-san-jose-4@yahoo.com,2435 S King Rd
182,heritage-eats-napa,Heritage Eats,heritage-eats-napa@gmail.com,3824 Bel Aire Plz
183,yobelle-napa-2,YoBelle,yobelle-napa-2@oxy.edu,1000 Main St
184,morimoto-napa-napa,Morimoto Napa,morimoto-napa-napa@bobalover.com,610 Main St
185,napa-noodles-napa,Napa Noodles,napa-noodles-napa@oxy.edu,1124 1st St
186,crave-cafe-and-catering-american-canyon,Crave Cafe & Catering,crave-cafe-and-catering-american-canyon@aol.com,3419 Broadway St
187,quickly-american-canyon-3,Quickly,quickly-american-canyon-3@oxy.edu,410 Napa Junction Rd
188,top-that-frozen-yogurt-sonoma,Top That Frozen Yogurt,top-that-frozen-yogurt-sonoma@bobalover.com,531 Broadway Ave
189,over-the-top-shop-frozen-yogurt-american-canyon,Over The Top Shop Frozen Yogurt,over-the-top-shop-frozen-yogurt-american-canyon@bobalover.com,5075 Main St
190,sushi-grill-vallejo,Sushi Grill,sushi-grill-vallejo@aol.com,5184 Sonoma Blvd
191,palm-thai-bistro-fairfield,Palm Thai Bistro,palm-thai-bistro-fairfield@bobalover.com,5089 Business Center Dr
192,green-bamboo-restaurant-fairfield,Green Bamboo Restaurant,green-bamboo-restaurant-fairfield@gmail.com,4437 Central Pl
193,thai-kitchen-american-canyon,Thai Kitchen,thai-kitchen-american-canyon@aol.com,3425 Broadway St
194,sactomofo-sacramento-6,SactoMofo,sactomofo-sacramento-6@oxy.edu,
195,westea-pleasanton,Westea,westea-pleasanton@aol.com,4233 Rosewood Dr
196,baotea-cafe-pleasanton-2,BaoTea Cafe,baotea-cafe-pleasanton-2@yahoo.com,6654 Koll Center Pkwy
197,i-tea-dublin-dublin,i-Tea - Dublin,i-tea-dublin-dublin@aol.com,4064 Grafton St
198,aroma-tapioca-tea-and-coffee-pleasanton,Aroma Tapioca Tea & Coffee,aroma-tapioca-tea-and-coffee-pleasanton@oxy.edu,4833 Hopyard Rd
199,i-tea-pleasanton,i-Tea,i-tea-pleasanton@oxy.edu,915 Main St
200,t4-dublin,T4,t4-dublin@aol.com,3744 Fallon Rd
201,tea-factory-dublin-2,Tea Factory,tea-factory-dublin-2@aol.com,8945 San Ramon Rd
202,icicles-pleasanton,ICICLES,icicles-pleasanton@bobalover.com,600 Main St
203,sharetea-dublin-3,Sharetea,sharetea-dublin-3@gmail.com,7375 Amador Valley Blvd
204,cafe-tapioca-dublin,Cafe Tapioca,cafe-tapioca-dublin@aol.com,7160 Regional St
205,quickly-pleasanton,Quickly,quickly-pleasanton@yahoo.com,1 Stoneridge Mall Rd
206,letea-pleasanton-2,LeTea,letea-pleasanton-2@gmail.com,4299 Rosewood Dr
207,tea-breeze-pleasanton,Tea Breeze,tea-breeze-pleasanton@yahoo.com,4275 Rosewood Dr
208,360-crepes-pleasanton-3,360 Crepes,360-crepes-pleasanton-3@aol.com,3120 Santa Rita Rd
209,t4-san-ramon-2,T4,t4-san-ramon-2@oxy.edu,9140 Alcosta Blvd
210,i-tea-san-ramon-3,i-Tea,i-tea-san-ramon-3@yahoo.com,21001 San Ramon Valley Blvd
211,snowflake-dublin,Snowflake,snowflake-dublin@bobalover.com,4288 Dublin Blvd
212,quickly-dublin,Quickly,quickly-dublin@aol.com,4288 Dublin Blvd
213,cafe-taiwan-pleasanton-9,Cafe Taiwan,cafe-taiwan-pleasanton-9@oxy.edu,3550 Stanley Blvd
214,cafe-junction-pleasanton-3,Cafe Junction,cafe-junction-pleasanton-3@oxy.edu,5321 Hopyard Rd
215,o-honey-dublin,O'Honey,o-honey-dublin@bobalover.com,3862 Fallon Rd
216,the-mix-creamery-dublin-2,The Mix Creamery,the-mix-creamery-dublin-2@bobalover.com,6601 Dublin Blvd
217,tasty-pot-dublin,Tasty Pot,tasty-pot-dublin@aol.com,4288 Dublin Blvd
218,ohana-hawaiian-bbq-of-pleasanton-pleasanton,Ohana Hawaiian BBQ of Pleasanton,ohana-hawaiian-bbq-of-pleasanton-pleasanton@gmail.com,5410 Sunol Blvd
219,99-ranch-market-pleasanton,99 Ranch Market,99-ranch-market-pleasanton@aol.com,4299 Rosewood Dr
220,menchies-frozen-yogurt-dublin,Menchie's  Frozen Yogurt,menchies-frozen-yogurt-dublin@gmail.com,3742 Fallon Rd
221,blossom-bee-dublin,Blossom Bee,blossom-bee-dublin@gmail.com,7335 Village Pkwy
222,berry-delight-pleasanton,Berry Delight,berry-delight-pleasanton@aol.com,1008 Stoneridge Mall Rd
223,new-thai-bistro-pleasanton-2,New Thai Bistro,new-thai-bistro-pleasanton-2@aol.com,4301 D Valley Ave
224,tutti-frutti-frozen-yogurt-dublin,Tutti Frutti Frozen Yogurt,tutti-frutti-frozen-yogurt-dublin@yahoo.com,4930 Dublin Blvd
225,kee-wah-bakery-dublin,Kee Wah Bakery,kee-wah-bakery-dublin@yahoo.com,4288 Dublin Blvd
226,blush-organic-frozen-yogurt-dublin,Blush Organic Frozen Yogurt,blush-organic-frozen-yogurt-dublin@yahoo.com,4640 Tassajara Rd
227,koi-palace-dublin,Koi Palace,koi-palace-dublin@bobalover.com,Ulferts Ctr
228,berry-and-berry-yogurt-livermore,Berry & Berry Yogurt,berry-and-berry-yogurt-livermore@oxy.edu,2774 Livermore Outlets Dr
229,pho-saigon-city-pleasanton,Pho Saigon City,pho-saigon-city-pleasanton@bobalover.com,4275 Rosewood Dr
230,yogurtland-dublin,Yogurtland,yogurtland-dublin@aol.com,6851 Amador Plz Rd
231,lees-sandwiches-dublin-2,Lee's Sandwiches,lees-sandwiches-dublin-2@bobalover.com,4101 Dublin Blvd
232,osaka-ramen-dublin,Osaka Ramen,osaka-ramen-dublin@yahoo.com,4288 Dublin Blvd
233,pho-99-dublin-5,Pho 99,pho-99-dublin-5@gmail.com,7459 Amador Valley Blvd
234,tandoori-pizza-dublin,Tandoori Pizza,tandoori-pizza-dublin@gmail.com,4060 Grafton St
235,halu-shabu-shabu-dublin,Halu Shabu Shabu,halu-shabu-shabu-dublin@yahoo.com,4288 Dublin Blvd
236,amakara-dublin,Amakara,amakara-dublin@yahoo.com,7222 Regional St
237,pho-saigon-garden-dublin,Pho Saigon Garden,pho-saigon-garden-dublin@aol.com,7265 Regional St
238,pho-saigon-noodle-house-san-ramon,Pho Saigon Noodle House,pho-saigon-noodle-house-san-ramon@gmail.com,9150 Alcosta Blvd
239,85-c-bakery-cafe-newark,85°C Bakery Cafe,85-c-bakery-cafe-newark@gmail.com,35201 Newark Blvd
240,blackball-desserts-union-city-union-city,BlackBall Desserts-Union City,blackball-desserts-union-city-union-city@aol.com,34563 Alvarado Niles Rd
241,tasty-pot-newark,Tasty Pot,tasty-pot-newark@bobalover.com,34909 Newark Blvd
242,icicles-newark,ICICLES,icicles-newark@gmail.com,39055 Cedar Blvd
243,che-lo-union-city-2,Che-Lo,che-lo-union-city-2@aol.com,1767 Decoto Blvd
244,fusion-mix-frozen-yogurt-fremont-2,Fusion Mix Frozen Yogurt,fusion-mix-frozen-yogurt-fremont-2@yahoo.com,4144 Walnut Ave
245,crepe-bar-newark,Crepe Bar,crepe-bar-newark@yahoo.com,2078 Newpark Mall
246,q-cup-fremont,Q Cup,q-cup-fremont@aol.com,39129 Fremont Blvd
247,bambu-newark-2,BAMBU,bambu-newark-2@oxy.edu,6058 Mowry Ave
248,bambu-union-city-2,BAMBU,bambu-union-city-2@bobalover.com,31812-31822 Alvarado Blvd
249,storm-crepes-newark,Storm Crepes,storm-crepes-newark@gmail.com,39658 Cedar Blvd
250,sweet-orchid-fremont,Sweet Orchid,sweet-orchid-fremont@gmail.com,34460 Fremont Blvd
251,jenjons-cafe-union-city,Jenjon's Cafe,jenjons-cafe-union-city@yahoo.com,1704 Decoto Rd
252,k-pop-cafe-fremont,K-Pop Cafe,k-pop-cafe-fremont@gmail.com,35041 Fremont Blvd
253,milkcow-fremont-2,Milkcow,milkcow-fremont-2@oxy.edu,5657 Auto Mall Pkwy
254,boba-guys-san-carlos-2,Boba Guys,boba-guys-san-carlos-2@bobalover.com,872 Laurel St
255,teaquation-redwood-city,Teaquation,teaquation-redwood-city@aol.com,1036 El Camino Real
256,t4-hayward-3,T4,t4-hayward-3@gmail.com,1033 B St
257,sweet-spot-castro-valley,Sweet Spot,sweet-spot-castro-valley@aol.com,20669 Santa Maria Ave
258,teaster-hayward-2,Teaster,teaster-hayward-2@aol.com,410 W A St
259,sharetea-palo-alto-2,Sharetea,sharetea-palo-alto-2@bobalover.com,540 Bryant St
260,chatime-redwood-city-2,Chatime,chatime-redwood-city-2@yahoo.com,2202 Broadway St
261,eko-coffee-bar-and-tea-house-hayward,Eko Coffee Bar & Tea House,eko-coffee-bar-and-tea-house-hayward@gmail.com,1075 B St
262,tea-era-cupertino,Tea Era,tea-era-cupertino@oxy.edu,20916 Homestead Rd
263,fantasia-coffee-and-tea-cupertino,Fantasia Coffee & Tea,fantasia-coffee-and-tea-cupertino@aol.com,10933 N Wolfe Rd
264,tpumps-cupertino,Tpumps,tpumps-cupertino@aol.com,19959 Stevens Creek Blvd
265,super-cue-cafe-cupertino,Super Cue Cafe,super-cue-cafe-cupertino@aol.com,19620 Stevens Creek Blvd
266,happy-lemon-cupertino-5,Happy Lemon,happy-lemon-cupertino-5@gmail.com,10963 N Wolfe Rd
267,ten-ren-tea-cupertino,Ten Ren Tea,ten-ren-tea-cupertino@aol.com,10881 N Wolfe Rd
268,meet-fresh-cupertino,Meet Fresh,meet-fresh-cupertino@bobalover.com,19449 Stevens Creek Blvd
269,hechaa-cupertino-4,Hechaa,hechaa-cupertino-4@bobalover.com,10619 S De Anza Blvd
270,calibear-cyber-cafe-sunnyvale-6,Calibear Cyber Cafe,calibear-cyber-cafe-sunnyvale-6@yahoo.com,1336 S Mary Ave
271,happy-lemon-sunnyvale-2,Happy Lemon,happy-lemon-sunnyvale-2@gmail.com,605 E El Camino Real
272,what8ver-express-cupertino-2,What8ver Express,what8ver-express-cupertino-2@bobalover.com,10118 Bandley Dr
273,gong-cha-sunnyvale,Gong Cha,gong-cha-sunnyvale@bobalover.com,1641 Hollenbeck Ave
274,cafe-lattea-cupertino,Cafe LaTTea,cafe-lattea-cupertino@bobalover.com,19501 Stevens Creek Blvd
275,t4-cupertino-cupertino,T4 Cupertino,t4-cupertino-cupertino@aol.com,19505 Stevens Creek Blvd
276,sharetea-sunnyvale-3,Sharetea,sharetea-sunnyvale-3@yahoo.com,568 El Camino Real
277,tea-chansii-cupertino,Tea Chansii,tea-chansii-cupertino@bobalover.com,19449 Stevens Creek Blvd
278,verde-tea-house-cupertino-2,Verde Tea House,verde-tea-house-cupertino-2@oxy.edu,10477 S De Anza Blvd
279,bubble-tea-time-saratoga,Bubble Tea Time,bubble-tea-time-saratoga@aol.com,18564 Prospect Rd
280,the-tea-zone-and-fruit-bar-mountain-view,The Tea Zone & Fruit Bar,the-tea-zone-and-fruit-bar-mountain-view@yahoo.com,805 El Camino Real
281,teaspoon-santa-clara-7,Teaspoon,teaspoon-santa-clara-7@yahoo.com,3450 El Camino Real
282,beastea-santa-clara,Beastea,beastea-santa-clara@bobalover.com,2785 El Camino Real
283,teaspoon-mountain-view,Teaspoon,teaspoon-mountain-view@gmail.com,236 Castro St
284,tea-annie-mountain-view,Tea Annie,tea-annie-mountain-view@gmail.com,1712 Miramonte Ave
285,verde-tea-cafe-mountain-view,Verde Tea Cafe,verde-tea-cafe-mountain-view@yahoo.com,852 Villa St
286,teafans-sunnyvale,TeaFans,teafans-sunnyvale@bobalover.com,927 E Arques Ave
287,85-c-bakery-cafe-san-jose-5,85°C Bakery Cafe,85-c-bakery-cafe-san-jose-5@yahoo.com,1183 S De Anza Blvd
288,matcha-love-san-jose-6,Matcha Love,matcha-love-san-jose-6@gmail.com,675 Saratoga Ave
289,bambu-sunnyvale-2,BAMBU,bambu-sunnyvale-2@bobalover.com,189 W Washington Ave
290,icicles-cupertino,Icicles,icicles-cupertino@oxy.edu,19622 Stevens Creek Blvd
291,sunnywich-cafe-sunnyvale,Sunnywich Cafe,sunnywich-cafe-sunnyvale@aol.com,223 East Maude Ave
292,ocha-tea-café-and-restaurant-mountain-view-2,Ocha Tea Café & Restaurant,ocha-tea-café-and-restaurant-mountain-view-2@bobalover.com,1350 Grant Rd
293,bubble-bay-tea-santa-clara,Bubble Bay Tea,bubble-bay-tea-santa-clara@yahoo.com,4300 Great America Pkwy
294,jazen-tea-san-jose-4,Jazen Tea,jazen-tea-san-jose-4@aol.com,1089 S De Anza Blvd
295,comebuy-tea-and-coffee-santa-clara,Comebuy Tea & Coffee,comebuy-tea-and-coffee-santa-clara@gmail.com,2712 Augustine Dr
296,music-tunnel-ktv-cafe-san-jose-2,Music Tunnel KTV Cafe,music-tunnel-ktv-cafe-san-jose-2@oxy.edu,1132 S De Anza Blvd
297,jazen-tea-santa-clara-3,Jazen Tea,jazen-tea-santa-clara-3@yahoo.com,3147 Mission College Blvd
298,butterfly-santa-clara,Butterfly,butterfly-santa-clara@aol.com,1000 Lafayette St
299,quickly-cupertino,Quickly,quickly-cupertino@oxy.edu,21265 Stevens Creek Blvd
300,california-mochi-santa-clara-4,California Mochi,california-mochi-santa-clara-4@gmail.com,3030 El Camino Real
301,t4-livermore-livermore-2,T4 Livermore,t4-livermore-livermore-2@aol.com,4010 E Ave
302,orange-tea-livermore,Orange Tea,orange-tea-livermore@bobalover.com,6033 Northfront Rd
303,big-fat-straw-cafe-livermore-2,Big Fat Straw Cafe,big-fat-straw-cafe-livermore-2@bobalover.com,980 Murrieta Blvd
304,donut-wheel-livermore,Donut Wheel,donut-wheel-livermore@oxy.edu,2017 1st St
305,t4-san-ramon-3,T4,t4-san-ramon-3@yahoo.com,11020 Bollinger Canyon Rd
306,saigon-cafe-livermore,Saigon Cafe,saigon-cafe-livermore@oxy.edu,2011 2nd St
307,rice-paper-bistro-livermore,Rice Paper Bistro,rice-paper-bistro-livermore@aol.com,1548 N Vasco Rd
308,menchies-frozen-yogurt-livermore,Menchie's Frozen Yogurt,menchies-frozen-yogurt-livermore@oxy.edu,973 E Stanley Blvd
309,la-farfalla-bakery-fremont,La Farfalla Bakery,la-farfalla-bakery-fremont@bobalover.com,39947 Mission Blvd
310,ice3-creamery-fremont,Ice3 Creamery,ice3-creamery-fremont@yahoo.com,39957 Mission Blvd
311,yogurt-shop-danville,Yogurt Shop,yogurt-shop-danville@aol.com,3450 Camino Tassajara Rd
312,bean-scene-cafe-fremont-2,Bean Scene Cafe,bean-scene-cafe-fremont-2@oxy.edu,4000 Bay St
313,yogurtland-san-ramon,Yogurtland,yogurtland-san-ramon@aol.com,152 Sunset Dr
314,chilly-and-munch-mountain-view,Chilly & Munch,chilly-and-munch-mountain-view@oxy.edu,2101 Showers Dr
315,jazen-tea-mountain-view-3,Jazen Tea,jazen-tea-mountain-view-3@gmail.com,220 Castro St
316,t4-palo-alto-2,T4,t4-palo-alto-2@gmail.com,165 University Ave
317,pearl-cafe-mountain-view,Pearl Cafe,pearl-cafe-mountain-view@yahoo.com,506A Showers Dr
318,tapioca-express-mountain-view,Tapioca Express,tapioca-express-mountain-view@yahoo.com,740 Villa St
319,teaspoon-palo-alto-7,Teaspoon,teaspoon-palo-alto-7@yahoo.com,2675 Middlefield Rd
320,teaspoon-milpitas,Teaspoon,teaspoon-milpitas@oxy.edu,201 W Calaveras Blvd
321,teasociety-milpitas,Teasociety,teasociety-milpitas@aol.com,55 N Milpitas Blvd
322,t4-milpitas,T4,t4-milpitas@bobalover.com,540 Barber Ln
323,bcute-tea-drinks-and-finger-foods-milpitas-2,BCUTE tea drinks and finger foods,bcute-tea-drinks-and-finger-foods-milpitas-2@yahoo.com,200 Serra Way
324,poke-xpress-milpitas,Poke Xpress,poke-xpress-milpitas@aol.com,1236 S Abel St
325,happy-lemon-milpitas-6,Happy Lemon,happy-lemon-milpitas-6@gmail.com,279 W Calaveras Blvd
326,yummi-tea-cafe-san-jose-3,Yummi Tea Cafe,yummi-tea-cafe-san-jose-3@gmail.com,2191 Morrill Ave
327,sno-crave-tea-house-milpitas,Sno-Crave Tea House,sno-crave-tea-house-milpitas@aol.com,1777 N Milpitas Blvd
328,sancha-bar-milpitas,Sancha Bar,sancha-bar-milpitas@aol.com,279 Jacklin Rd
329,chick-and-tea-milpitas-4,Chick & Tea,chick-and-tea-milpitas-4@gmail.com,1723 N Milpitas Blvd
330,t4-san-jose,T4,t4-san-jose@aol.com,1671 N Capitol Ave
331,queens-cafe-milpitas,Queen's Cafe,queens-cafe-milpitas@gmail.com,372 Barber Ln
332,the-pennywort-san-jose-5,The Pennywort,the-pennywort-san-jose-5@aol.com,2056 N Capitol Ave
333,bambu-san-jose-9,BAMBU,bambu-san-jose-9@bobalover.com,1688 Hostetter Rd
334,black-pearl-san-jose-2,Black Pearl,black-pearl-san-jose-2@gmail.com,1055 E Brokaw Rd
335,happiness-cafe-san-jose,Happiness Cafe,happiness-cafe-san-jose@oxy.edu,1688 Hostetter Rd
336,85-c-bakery-cafe-milpitas-2,85°C Bakery Cafe,85-c-bakery-cafe-milpitas-2@gmail.com,672 Barber Ln
337,simpletea-milpitas,Simpletea,simpletea-milpitas@oxy.edu,1535 Landess Ave
338,bambu-milpitas-7,BAMBU,bambu-milpitas-7@oxy.edu,89 S Park Victoria Dr
339,fantasia-coffee-and-tea-santa-clara,Fantasia Coffee & Tea,fantasia-coffee-and-tea-santa-clara@bobalover.com,3969 Rivermark Plz
340,shihlin-taiwan-street-snacks-milpitas,Shihlin Taiwan Street Snacks,shihlin-taiwan-street-snacks-milpitas@gmail.com,522 Barber Ln
341,quickly-milpitas-2,Quickly,quickly-milpitas-2@aol.com,1350 S Park Victoria Dr
342,honeyberry-san-jose-9,Honeyberry,honeyberry-san-jose-9@oxy.edu,3655 N 1st St
343,aroma-coffee-and-snacks-milpitas,Aroma Coffee and Snacks,aroma-coffee-and-snacks-milpitas@oxy.edu,1535 Landess Ave
344,teatime-redwood-city,Teatime,teatime-redwood-city@oxy.edu,1003 El Camino Real
345,comebuy-drinks-redwood-city,Comebuy Drinks,comebuy-drinks-redwood-city@oxy.edu,2074 Broadway
346,teaspoon-redwood-city,Teaspoon,teaspoon-redwood-city@gmail.com,2361 Broadway St
347,davidstea-palo-alto-2,DAVIDsTEA,davidstea-palo-alto-2@aol.com,318 University Ave
348,pokélove-palo-alto,pokéLOVE,pokélove-palo-alto@oxy.edu,855 El Camino Real
349,bare-bowls-palo-alto,Bare Bowls,bare-bowls-palo-alto@yahoo.com,530 Emerson St
350,tea-time-palo-alto,Tea Time,tea-time-palo-alto@aol.com,542 Ramona St
351,chantal-guillon-macarons-and-teas-palo-alto-2,Chantal Guillon Macarons & Teas,chantal-guillon-macarons-and-teas-palo-alto-2@aol.com,444 University Ave
352,happy-donuts-palo-alto,Happy Donuts,happy-donuts-palo-alto@gmail.com,3916 El Camino Real
353,quickly-sunnyvale-4,Quickly,quickly-sunnyvale-4@oxy.edu,415 N Mary Ave
354,fraiche-palo-alto-2,Fraiche,fraiche-palo-alto-2@bobalover.com,200 Hamilton Ave
355,quickly-redwood-city,Quickly,quickly-redwood-city@yahoo.com,300 Walnut St
356,coupa-café-palo-alto-3,Coupa Café,coupa-café-palo-alto-3@bobalover.com,538 Ramona St
357,cream-palo-alto-3,CREAM,cream-palo-alto-3@yahoo.com,440 University Ave
358,ohana-express-redwood-city-2,Ohana Express,ohana-express-redwood-city-2@bobalover.com,640 Woodside Rd
359,yogurtland-palo-alto,Yogurtland,yogurtland-palo-alto@bobalover.com,494 University Ave
360,coupa-café-lytton-palo-alto,Coupa Café - Lytton,coupa-café-lytton-palo-alto@aol.com,111 Lytton Ave
361,green-bakery-and-café-los-altos-11,Green Bakery & Café,green-bakery-and-café-los-altos-11@gmail.com,692 Fremont Ave
362,wild-berry-yogurt-menlo-park,Wild Berry Yogurt,wild-berry-yogurt-menlo-park@yahoo.com,325 Sharon Park Dr
363,the-posh-bagel-los-altos,The Posh Bagel,the-posh-bagel-los-altos@bobalover.com,310 Main St
364,paris-baguette-palo-alto,Paris Baguette,paris-baguette-palo-alto@gmail.com,383 University Ave
365,taza-deli-and-cafe-redwood-city,Taza Deli & Cafe,taza-deli-and-cafe-redwood-city@gmail.com,1796 Broadway
366,rojoz-gourmet-wraps-palo-alto-2,Rojoz Gourmet Wraps,rojoz-gourmet-wraps-palo-alto-2@bobalover.com,3906 Middlefield Rd
367,froyola-redwood-city,Froyola,froyola-redwood-city@aol.com,2206 Broadway St
368,mr-green-bubble-sunnyvale,Mr. Green Bubble,mr-green-bubble-sunnyvale@bobalover.com,1255 S Mary Ave
369,coupa-cafe-green-library-stanford,Coupa Cafe - Green Library,coupa-cafe-green-library-stanford@aol.com,571 Escondido Mall
370,dohatsuten-palo-alto,Dohatsuten,dohatsuten-palo-alto@yahoo.com,799 San Antonio Rd
371,panda-express-mountain-view-2,Panda Express,panda-express-mountain-view-2@yahoo.com,1035 El Monte Ave
372,nekter-juice-bar-mountain-view,Nekter Juice Bar,nekter-juice-bar-mountain-view@bobalover.com,685 San Antonio Rd
373,green-leaf-asian-bistro-and-cafe-redwood-city-2,Green Leaf Asian Bistro & Cafe,green-leaf-asian-bistro-and-cafe-redwood-city-2@yahoo.com,865 Middlefield Rd
374,koma-sushi-restaurant-menlo-park-3,Koma Sushi Restaurant,koma-sushi-restaurant-menlo-park-3@bobalover.com,211 El Camino Real
375,the-axe-and-palm-stanford,The Axe and Palm,the-axe-and-palm-stanford@yahoo.com,Old Union Stanford University
376,cocohodo-sunnyvale-2,Cocohodo,cocohodo-sunnyvale-2@gmail.com,1082 E El Camino Real
377,hotpot-first-sunnyvale,Hotpot First,hotpot-first-sunnyvale@oxy.edu,1149 N Lawrence Expy
378,bean-scene-sunnyvale,Bean Scene,bean-scene-sunnyvale@aol.com,186 S Murphy Ave
379,sharetea-santa-clara-7,Sharetea,sharetea-santa-clara-7@aol.com,2855 Stevens Creek Blvd
380,jazen-tea-santa-clara-santa-clara,Jazen Tea Santa Clara,jazen-tea-santa-clara-santa-clara@bobalover.com,3484 El Camino Real
381,honeyberry-santa-clara,Honeyberry,honeyberry-santa-clara@oxy.edu,3488 El Camino Real
382,world-wrapps-2-0-santa-clara,World Wrapps 2.0,world-wrapps-2-0-santa-clara@aol.com,3125 Mission College Blvd
383,youji-fresh-rolls-wine-and-tea-santa-clara,Youji Fresh Rolls Wine & Tea,youji-fresh-rolls-wine-and-tea-santa-clara@yahoo.com,2855 Stevens Creek Blvd
384,frozos-frozen-yogurt-santa-clara,Frozo's Frozen Yogurt,frozos-frozen-yogurt-santa-clara@gmail.com,1000 Lafayette St
385,cool-tea-bar-south-san-francisco-4,Cool Tea Bar,cool-tea-bar-south-san-francisco-4@aol.com,630 El Camino Real
386,tiger-tea-and-juice-burlingame-3,Tiger Tea & Juice,tiger-tea-and-juice-burlingame-3@aol.com,1803 El Camino Real
387,aqua-club-dessert-and-beverage-san-bruno,Aqua Club Dessert & Beverage,aqua-club-dessert-and-beverage-san-bruno@bobalover.com,440 San Mateo Ave
388,bobabia-san-mateo,Bobabia,bobabia-san-mateo@bobalover.com,271 - 273 Baldwin Ave
389,happy-lemon-burlingame-4,Happy Lemon,happy-lemon-burlingame-4@aol.com,1419 Burlingame Ave
390,eggettes-south-san-francisco,Eggettes,eggettes-south-san-francisco@bobalover.com,639 El Camino Real
391,tpumps-burlingame,Tpumps,tpumps-burlingame@aol.com,1118 Burlingame Ave
392,teaspoon-san-mateo,Teaspoon,teaspoon-san-mateo@oxy.edu,128 E 3rd Ave
393,cha-express-san-mateo,Cha Express,cha-express-san-mateo@gmail.com,212 E 3rd Ave
394,search-tea-millbrae-5,Search Tea,search-tea-millbrae-5@oxy.edu,105 Park Blvd
395,tea-world-pacifica,Tea World,tea-world-pacifica@aol.com,90 Eureka Sq
396,t4-millbrae-10,T4,t4-millbrae-10@oxy.edu,315 Broadway
397,i-tea-burlingame-2,i-Tea,i-tea-burlingame-2@bobalover.com,346 Lorton Ave
398,boba-dude-half-moon-bay,Boba Dude,boba-dude-half-moon-bay@gmail.com,80 Cabrillo Hwy N
399,eggettes-millbrae-2,Eggettes,eggettes-millbrae-2@bobalover.com,979 Broadway
400,gong-cha-san-mateo-2,Gong Cha,gong-cha-san-mateo-2@aol.com,110 S B St
401,bambu-south-san-francisco,BAMBU,bambu-south-san-francisco@yahoo.com,2223 Gellert Blvd
402,super-cue-cafe-san-mateo-2,Super Cue Cafe,super-cue-cafe-san-mateo-2@yahoo.com,2986 S Norfolk St
403,bambu-san-mateo-2,BAMBU,bambu-san-mateo-2@yahoo.com,153 South B St
404,eggettes-san-mateo,Eggettes,eggettes-san-mateo@yahoo.com,47 S B St
405,chatime-san-mateo-2,Chatime,chatime-san-mateo-2@yahoo.com,165 E 4th Ave
406,tpumps-foster-city,Tpumps,tpumps-foster-city@gmail.com,985 E Hillsdale Blvd
407,creme-brewlee-san-mateo-2,Creme Brewlee,creme-brewlee-san-mateo-2@aol.com,2948 S Norfolk St
408,chatime-foster-city,Chatime,chatime-foster-city@gmail.com,969A Edgewater Blvd
409,quickly-san-mateo,Quickly,quickly-san-mateo@gmail.com,142 E 3rd Ave
410,fresh-nation-desserts-san-mateo-2,Fresh Nation Desserts,fresh-nation-desserts-san-mateo-2@gmail.com,30 E 3rd Ave
411,ya-ua-yogurt-and-boba-tea-belmont-2,Ya-Ua Yogurt & Boba Tea,ya-ua-yogurt-and-boba-tea-belmont-2@yahoo.com,1090 Alameda De Las Pulgas
412,snacks-san-mateo-2,Snacks,snacks-san-mateo-2@gmail.com,31 N B St
413,dessert-republic-san-mateo,Dessert Republic,dessert-republic-san-mateo@gmail.com,138 Main St
414,mints-and-honey-san-carlos,Mints & Honey,mints-and-honey-san-carlos@aol.com,1524 El Camino Real
415,bambu-millbrae-2,BAMBU,bambu-millbrae-2@aol.com,203 El Camino Real
416,icicles-san-mateo,ICICLES,icicles-san-mateo@yahoo.com,222 E 3rd Ave
417,kingkat-bar-and-eatery-san-mateo-2,KingKat Bar & Eatery,kingkat-bar-and-eatery-san-mateo-2@aol.com,33 W 25th Ave
418,quickly-burlingame-2,Quickly,quickly-burlingame-2@bobalover.com,1407 Burlingame Ave
419,antoines-cookie-shop-san-mateo-3,Antoine's Cookie Shop,antoines-cookie-shop-san-mateo-3@bobalover.com,220 2nd Ave
420,quickly-foster-city-3,Quickly,quickly-foster-city-3@aol.com,969k Edgewater Blvd
421,moo-moo-yogurt-foster-city,Moo Moo Yogurt,moo-moo-yogurt-foster-city@bobalover.com,969F Edgewater Blvd
422,clear-optometry-san-mateo,Clear Optometry,clear-optometry-san-mateo@gmail.com,138 E 3rd Ave
423,boiling-point-san-mateo,Boiling Point,boiling-point-san-mateo@aol.com,111 E 4th Ave
424,cream-san-mateo,CREAM,cream-san-mateo@bobalover.com,134 S B St
425,poke-island-creasian-kitchen-san-mateo,Poke Island CreAsian Kitchen,poke-island-creasian-kitchen-san-mateo@bobalover.com,43 S B St
426,waterfront-cafe-burlingame,Waterfront Cafe,waterfront-cafe-burlingame@gmail.com,500 Airport Blvd
427,never-too-latte-san-bruno-2,Never Too Latte,never-too-latte-san-bruno-2@aol.com,486 San Mateo Ave
428,jougert-bar-burlingame,Jougert Bar,jougert-bar-burlingame@aol.com,1115 Burlingame Ave
429,mini-coffee-san-mateo-2,Mini Coffee,mini-coffee-san-mateo-2@yahoo.com,800 S B St
430,sweet-indulgence-millbrae-3,Sweet Indulgence,sweet-indulgence-millbrae-3@aol.com,298 Broadway
431,ramen-dojo-san-mateo,Ramen Dojo,ramen-dojo-san-mateo@aol.com,805 S B St
432,quickly-millbrae-4,Quickly,quickly-millbrae-4@yahoo.com,325 El Camino Real
433,bobo-drinks-fairfield-2,Bobo Drinks,bobo-drinks-fairfield-2@yahoo.com,1305 Gateway Blvd
434,t4-tea-for-u-fairfield,T4 Tea For U,t4-tea-for-u-fairfield@gmail.com,2700 N Texas St
435,peace-love-and-boba-vacaville,Peace Love & Boba,peace-love-and-boba-vacaville@aol.com,3083 Alamo Dr
436,halo-halo-bar-and-boba-station-suisun-city,Halo Halo Bar & Boba Station,halo-halo-bar-and-boba-station-suisun-city@bobalover.com,303 Lawler Ctr Dr
437,quickly-fairfield-3,Quickly,quickly-fairfield-3@oxy.edu,1350 Travis Blvd
438,tutti-frutti-fairfield-2,Tutti Frutti,tutti-frutti-fairfield-2@aol.com,3334 N Texas St
439,sharetea-concord-3,Sharetea,sharetea-concord-3@yahoo.com,1850 Mount Diablo St
440,i-tea-pittsburg,i-Tea,i-tea-pittsburg@oxy.edu,2121 Loveridge Rd
441,quickly-vallejo-12,Quickly,quickly-vallejo-12@aol.com,145 Plaza Dr
442,teazentea-brentwood-3,TeaZenTea,teazentea-brentwood-3@gmail.com,1135 2nd St
443,quickly-vacaville,Quickly,quickly-vacaville@gmail.com,1667 E Monte Vista Ave
444,mandro-teahouse-davis,MandRo Teahouse,mandro-teahouse-davis@aol.com,1260 Lake Blvd
445,tapioca-express-vallejo,Tapioca Express,tapioca-express-vallejo@yahoo.com,3720 Sonoma Blvd
446,okashi-fusion-vacaville,Okashi Fusion,okashi-fusion-vacaville@bobalover.com,1679 E Monte Vista Ave
447,cafe-tapioca-hercules,Cafe Tapioca,cafe-tapioca-hercules@aol.com,1581 Sycamore Ave
448,pho-saigon-no-1-vietnamese-restaurant-fairfield-2,Pho Saigon No 1 Vietnamese Restaurant,pho-saigon-no-1-vietnamese-restaurant-fairfield-2@bobalover.com,1972 N Texas St
449,ontap-davis,OnTap,ontap-davis@gmail.com,825 Russell Blvd
450,t4-antioch-12,T4,t4-antioch-12@bobalover.com,4532 Lone Tree Way
451,bobaloca-concord-4,Bobaloca,bobaloca-concord-4@oxy.edu,1843 Willow Pass Rd
452,teabo-café-davis,Teabo Café,teabo-café-davis@gmail.com,2191 Cowell Blvd
453,lazi-cow-davis,Lazi Cow,lazi-cow-davis@bobalover.com,407 G St
454,t4-san-pablo-3,T4,t4-san-pablo-3@bobalover.com,13350 San Pablo Ave
455,t4-concord-concord,T4 - Concord,t4-concord-concord@bobalover.com,2151 Salvio St
456,dragon-snow-el-sobrante,Dragon Snow,dragon-snow-el-sobrante@gmail.com,3550 San Pablo Dam Rd
457,cj-fusion-fairfield,CJ Fusion,cj-fusion-fairfield@aol.com,201 Travis Blvd
458,gong-cha-davis,Gong Cha,gong-cha-davis@oxy.edu,1411 W Covell Blvd
459,suisun-seafood-center-suisun-city,Suisun Seafood Center,suisun-seafood-center-suisun-city@aol.com,303 Lawler Center Dr
460,teaone-davis,TeaOne,teaone-davis@aol.com,213 E St
461,quickly-brentwood-brentwood,Quickly Brentwood,quickly-brentwood-brentwood@gmail.com,2415 Empire Ave
462,t4-davis-3,T4,t4-davis-3@gmail.com,132 E St
463,bangkok-paradise-fairfield,Bangkok Paradise,bangkok-paradise-fairfield@bobalover.com,3344 N Texas St
464,easel-davis-2,Easel,easel-davis-2@gmail.com,620 W Covell Blvd
465,sharetea-davis-davis-2,Sharetea Davis,sharetea-davis-davis-2@aol.com,207 3rd St
466,the-old-teahouse-davis-3,The Old Teahouse,the-old-teahouse-davis-3@gmail.com,825 Russell Blvd
467,pho-lee-hoa-phat-fairfield,Pho Lee Hoa Phat,pho-lee-hoa-phat-fairfield@oxy.edu,870 E Travis
468,skyview-noodle-and-tea-pittsburg-3,Skyview Noodle & Tea,skyview-noodle-and-tea-pittsburg-3@yahoo.com,200 E 3rd St
469,noodle-house-fairfield-2,Noodle House,noodle-house-fairfield-2@bobalover.com,1305 Gateway Blvd
470,sisig-suisun-city-3,SISIG,sisig-suisun-city-3@bobalover.com,303 Lawler Center Dr
471,rrags-caffe-benicia,Rrags Caffe,rrags-caffe-benicia@aol.com,1383 E 2nd St
472,yumygurt-pinole,Yumygurt,yumygurt-pinole@aol.com,2701 Pinole Valley Rd
473,vampire-penguin-brentwood-2,Vampire Penguin,vampire-penguin-brentwood-2@gmail.com,2545 Sand Creek Rd
474,going-green-martinez,Going Green,going-green-martinez@bobalover.com,1160 Arnold Dr
475,quickly-antioch-2,Quickly,quickly-antioch-2@oxy.edu,212 E 18th St
476,pho-lee-hoa-phat-vacaville,Pho Lee Hoa Phat,pho-lee-hoa-phat-vacaville@yahoo.com,88 Peabody Rd
477,ice-monster-walnut-creek,Ice Monster,ice-monster-walnut-creek@gmail.com,2230 Oak Grove Rd
478,t4-walnut-creek,T4,t4-walnut-creek@yahoo.com,1815 Ygnacio Valley Rd
479,chalogy-tea-bar-walnut-creek-4,CHALOGY Tea Bar,chalogy-tea-bar-walnut-creek-4@yahoo.com,1349 Locust St
480,mr-green-bubble-walnut-creek-2,Mr. Green Bubble,mr-green-bubble-walnut-creek-2@gmail.com,1539 Locust St
481,cool-tea-bar-danville-4,Cool Tea Bar,cool-tea-bar-danville-4@oxy.edu,251 Hartz Ave
482,quickly-concord-5,Quickly,quickly-concord-5@yahoo.com,4115 Concord Blvd
483,quickly-concord,Quickly,quickly-concord@yahoo.com,1657 Willow Pass Rd
484,t4-and-poke-walnut-creek,T4 And Poke,t4-and-poke-walnut-creek@bobalover.com,1385C N Main St
485,i-tea-moraga-3,i-Tea,i-tea-moraga-3@gmail.com,1460 Moraga Rd
486,panache-caffe-lafayette,Panache Caffe,panache-caffe-lafayette@bobalover.com,3653 Mt Diablo Blvd
487,coco-swirl-pleasant-hill,Coco Swirl,coco-swirl-pleasant-hill@gmail.com,35 Crescent Dr
488,surf-city-squeeze-concord,Surf City Squeeze,surf-city-squeeze-concord@aol.com,282 Sun Valley Mall
489,hello-pho-concord,Hello Pho,hello-pho-concord@bobalover.com,1701 Monument Blvd
490,harvest-house-concord,Harvest House,harvest-house-concord@oxy.edu,2395 Monument Blvd
491,i-love-teriyaki-and-sushi-concord-2,I Love Teriyaki & Sushi,i-love-teriyaki-and-sushi-concord-2@gmail.com,1950 Salvio St
492,cornology-walnut-creek-3,Cornology,cornology-walnut-creek-3@bobalover.com,1349 Locust St
493,saigon-bistro-concord,Saigon Bistro,saigon-bistro-concord@oxy.edu,1701 Willow Pass Rd
494,99-ranch-market-concord-2,99 Ranch Market,99-ranch-market-concord-2@oxy.edu,1795 Willow Pass Rd
495,double-rainbow-cafe-benicia,Double Rainbow Cafe,double-rainbow-cafe-benicia@oxy.edu,560 1st St
496,blue-saigon-pittsburg,Blue Saigon,blue-saigon-pittsburg@bobalover.com,2243 Railroad Ave
497,jollibee-concord,Jollibee,jollibee-concord@oxy.edu,2030 Diamond Blvd
498,pho-huynh-hiep-5-kevins-noodle-house-concord,Pho Huynh Hiep 5 - Kevin's Noodle House,pho-huynh-hiep-5-kevins-noodle-house-concord@aol.com,1833 Willow Pass Rd
499,pho-lee-hoa-phat-pleasant-hill,Pho Lee Hoa Phat,pho-lee-hoa-phat-pleasant-hill@bobalover.com,508 Contra Costa Blvd
500,pho-huynh-hiep-6-kevins-noodle-house-walnut-creek,Pho Huynh Hiep 6 - Kevin's Noodle House,pho-huynh-hiep-6-kevins-noodle-house-walnut-creek@yahoo.com,2034 N Main St
501,smitten-ice-cream-lafayette,Smitten Ice Cream,smitten-ice-cream-lafayette@bobalover.com,3545 Mt Diablo Blvd
502,aung-maylika-benicia-4,Aung Maylika,aung-maylika-benicia-4@bobalover.com,836 Southampton Rd
503,izzyas-frozen-custard-lafayette-2,IzzyA's Frozen Custard,izzyas-frozen-custard-lafayette-2@gmail.com,
504,yogurtland-pleasant-hill,Yogurtland,yogurtland-pleasant-hill@aol.com,2390 Monument Blvd
505,golden-bakery-pittsburg,Golden Bakery,golden-bakery-pittsburg@oxy.edu,2229 Railroad Ave
506,tutti-frutti-montclair-oakland,Tutti Frutti Montclair,tutti-frutti-montclair-oakland@oxy.edu,2066 Mountain Blvd
507,tangelo-frozen-yogurt-moraga,Tangelo Frozen Yogurt,tangelo-frozen-yogurt-moraga@yahoo.com,384 Park St
508,surf-city-squeeze-antioch,Surf City Squeeze,surf-city-squeeze-antioch@bobalover.com,2556 Somersville Rd
509,lv-vietnamese-pho-and-sandwiches-vallejo,LV Vietnamese Pho and Sandwiches,lv-vietnamese-pho-and-sandwiches-vallejo@aol.com,2621 Springs Rd
510,korea-house-concord,Korea House,korea-house-concord@gmail.com,1835 Willow Pass Rd
511,yo-sushi-martinez,Yo Sushi,yo-sushi-martinez@bobalover.com,1029 Arnold Dr
512,lulus-kitchen-concord,Lulu's Kitchen,lulus-kitchen-concord@yahoo.com,1657 Willow Pass Rd
513,pho-hoa-an-pleasant-hill,Pho Hoa An,pho-hoa-an-pleasant-hill@gmail.com,1617 Contra Costa Blvd
514,saigon-bistro-restaurant-pittsburg,Saigon Bistro Restaurant,saigon-bistro-restaurant-pittsburg@gmail.com,4285 Century Blvd
515,pho-lee-hoa-phat-pittsburg-5,Pho Lee Hoa Phat,pho-lee-hoa-phat-pittsburg-5@yahoo.com,140 E Leland Rd
516,viet-nam-noodle-house-antioch-4,Viet Nam Noodle House,viet-nam-noodle-house-antioch-4@yahoo.com,3676 Delta Fair Blvd
517,little-hearty-noodle-moraga-2,Little Hearty Noodle,little-hearty-noodle-moraga-2@gmail.com,578 Center St
518,bubble-loca-richmond,Bubble Loca,bubble-loca-richmond@oxy.edu,3288 Pierce St
519,ten-ren-tea-co-richmond,Ten Ren Tea Co,ten-ren-tea-co-richmond@yahoo.com,3288 Pierce St
520,tala-coffee-and-tea-el-cerrito-2,Tala Coffee & Tea,tala-coffee-and-tea-el-cerrito-2@bobalover.com,10734 San Pablo Ave
521,sharetea-san-rafael-3,Sharetea,sharetea-san-rafael-3@oxy.edu,967 Grand Ave
522,tpartea-boba-drinks-and-banh-mi-san-rafael-3,TPartea Boba Drinks And Banh Mi,tpartea-boba-drinks-and-banh-mi-san-rafael-3@yahoo.com,5800 Northgate Dr
523,sunny-day-sweet-house-richmond,Sunny Day Sweet House,sunny-day-sweet-house-richmond@aol.com,3288 Pierce St
524,aloha-pure-water-shaved-ice-san-pablo,Aloha Pure Water Shaved Ice,aloha-pure-water-shaved-ice-san-pablo@gmail.com,2300 El Portal Dr
525,world-wrapps-corte-madera-7,World Wrapps,world-wrapps-corte-madera-7@gmail.com,208 Corte Madera Town Ctr
526,quickly-el-cerrito,Quickly,quickly-el-cerrito@bobalover.com,3080 El Cerrito Plz
527,tay-tah-cafe-albany,Tay Tah Cafe,tay-tah-cafe-albany@bobalover.com,1182 Solano Ave
528,sweetheart-cafe-berkeley,Sweetheart Cafe,sweetheart-cafe-berkeley@oxy.edu,2523 Durant Ave
529,teaone-berkeley-berkeley,TeaOne Berkeley,teaone-berkeley-berkeley@gmail.com,2380 Telegraph Ave
530,quickly-kobe-bento-richmond-2,Quickly - Kobe Bento,quickly-kobe-bento-richmond-2@yahoo.com,3288 Pierce St
531,quickly-san-rafael,Quickly,quickly-san-rafael@oxy.edu,1128 4th St
532,sivans-cafe-hayward,Sivan's Cafe,sivans-cafe-hayward@aol.com,766 A St
533,honey-bear-smoothie-tea-and-dessert-hayward,Honey Bear Smoothie Tea & Dessert,honey-bear-smoothie-tea-and-dessert-hayward@oxy.edu,1 Southland Mall Dr
534,sharetea-san-ramon,Sharetea,sharetea-san-ramon@yahoo.com,2441 San Ramon Valley Blvd
535,t4-castro-valley,T4,t4-castro-valley@oxy.edu,18911 Lake Chabot Rd
536,quickly-hayward,Quickly,quickly-hayward@oxy.edu,25034 Hesperian Blvd
537,8-twelve-oriental-market-san-leandro,8-Twelve Oriental Market,8-twelve-oriental-market-san-leandro@gmail.com,596 E 14th St
538,polaris-ice-cream-rolls-hayward,Polaris Ice Cream Rolls,polaris-ice-cream-rolls-hayward@oxy.edu,595 Southland Mall
539,milkcow-castro-valley,Milkcow,milkcow-castro-valley@yahoo.com,3223 Castro Valley Blvd
540,satori-tea-company-saratoga,Satori Tea Company,satori-tea-company-saratoga@bobalover.com,14482 Big Basin Way
541,creative-sips-san-jose,Creative Sips,creative-sips-san-jose@yahoo.com,
542,saratoga-bagels-saratoga,Saratoga Bagels,saratoga-bagels-saratoga@aol.com,12840 Saratoga Sunnyvale Rd
543,snowflake-san-jose,Snowflake,snowflake-san-jose@oxy.edu,4306 Moorpark Ave
544,steepers-campbell,Steepers,steepers-campbell@oxy.edu,346 E Campbell Ave
545,yodo-yogurt-campbell,YoDo Yogurt,yodo-yogurt-campbell@aol.com,2475 S Winchester Blvd
546,caffé-central-santa-clara,Caffé Central,caffé-central-santa-clara@bobalover.com,2855 Stevens Creek Blvd
547,bar-code-santa-clara,Bar Code,bar-code-santa-clara@aol.com,2855 Stevens Crk Blvd
548,jovie-coffee-and-pho-campbell,Jovie Coffee & Pho,jovie-coffee-and-pho-campbell@aol.com,136 N San Tomas Aquino
549,tous-les-jours-santa-clara,Tous Les Jours,tous-les-jours-santa-clara@bobalover.com,3535 Homestead Rd
550,menchies-frozen-yogurt-vallejo,Menchie's Frozen Yogurt,menchies-frozen-yogurt-vallejo@oxy.edu,972 Admiral Callaghan Ln
551,starbread-bakery-vallejo,Starbread Bakery,starbread-bakery-vallejo@oxy.edu,3718 Sonoma Blvd
552,pho-1-vallejo,Pho #1,pho-1-vallejo@aol.com,3885 Sonoma Blvd
553,sunshine-bakery-vallejo-3,Sunshine Bakery,sunshine-bakery-vallejo-3@gmail.com,3570 Sonoma Blvd
554,original-red-onion-vallejo-2,Original Red Onion,original-red-onion-vallejo-2@oxy.edu,1321 Springs Rd
555,yo-sushi-vallejo-2,Yo Sushi,yo-sushi-vallejo-2@yahoo.com,114 Robles Way
556,midori-japanese-cuisine-vallejo,Midori Japanese Cuisine,midori-japanese-cuisine-vallejo@bobalover.com,3440 Sonoma Blvd
557,pho-lee-hoa-phat-vallejo-2,Pho Lee Hoa Phat,pho-lee-hoa-phat-vallejo-2@aol.com,102 Springstowne Ctr
558,pho-saigon-village-noodle-house-vallejo,Pho Saigon Village Noodle House,pho-saigon-village-noodle-house-vallejo@aol.com,3636 Sonoma Blvd
559,pho-lee-hoa-phat-2-vallejo-3,Pho Lee Hoa Phat 2,pho-lee-hoa-phat-2-vallejo-3@gmail.com,3495 Sonoma Blvd
560,chowking-vallejo,Chowking,chowking-vallejo@yahoo.com,3495 Sonoma Blvd
561,tacos-jalisco-vallejo,Tacos Jalisco,tacos-jalisco-vallejo@aol.com,3420 Sonoma Blvd
562,menchies-frozen-yogurt-belmont-2,Menchie's Frozen Yogurt,menchies-frozen-yogurt-belmont-2@aol.com,1200 El Camino Real
563,fashion-wok-foster-city,Fashion Wok,fashion-wok-foster-city@aol.com,929 A Edgewater Blvd
564,pho-new-saigon-foster-city,Pho New Saigon,pho-new-saigon-foster-city@gmail.com,1088 Foster City Blvd
565,hongry-kong-belmont-2,Hongry Kong,hongry-kong-belmont-2@yahoo.com,
566,marina-food-san-mateo,Marina Food,marina-food-san-mateo@oxy.edu,2992 S Norfolk St
567,cooking-papa-restaurant-foster-city,Cooking Papa Restaurant,cooking-papa-restaurant-foster-city@oxy.edu,949A Edgewater Blvd
568,sheng-kee-bakery-san-mateo-2,Sheng Kee Bakery,sheng-kee-bakery-san-mateo-2@gmail.com,2964 S Norfolk St
569,eat-on-monday-mountain-view-3,Eat On Monday,eat-on-monday-mountain-view-3@oxy.edu,
570,pho-little-saigon-san-mateo,Pho Little Saigon,pho-little-saigon-san-mateo@gmail.com,2978 S Norfolk St
571,myung-dong-tofu-cabin-san-mateo,Myung Dong Tofu Cabin,myung-dong-tofu-cabin-san-mateo@bobalover.com,2968 S Norfolk St
572,bagel-street-cafe-redwood-city,Bagel Street Cafe,bagel-street-cafe-redwood-city@yahoo.com,254 Redwood Shores Pkwy
573,east-14th-bakery-and-cafe-san-leandro-3,East 14th Bakery & Cafe,east-14th-bakery-and-cafe-san-leandro-3@bobalover.com,1780 E 14th St
574,tapioca-express-san-leandro,Tapioca Express,tapioca-express-san-leandro@bobalover.com,129 W Joaquin Ave
575,quickly-san-leandro,Quickly,quickly-san-leandro@aol.com,15251 Hesperian Blvd
576,sweethoney-dessert-san-leandro-3,Sweethoney Dessert,sweethoney-dessert-san-leandro-3@bobalover.com,1423 E 14th St
577,hanoi-chicken-noodle-san-leandro,Hanoi Chicken Noodle,hanoi-chicken-noodle-san-leandro@oxy.edu,13720 Doolittle Dr
578,loving-tea-san-leandro,Loving Tea,loving-tea-san-leandro@bobalover.com,1338 Fairmont Dr
579,cafe-sorriso-san-leandro,Cafe Sorriso,cafe-sorriso-san-leandro@oxy.edu,1501 Washington Ave
580,d-t-dim-sum-and-tea-san-leandro,D T Dim Sum & Tea,d-t-dim-sum-and-tea-san-leandro@yahoo.com,1970 Lewelling Blvd
581,milk-and-cookie-bar-castro-valley-3,Milk & Cookie Bar,milk-and-cookie-bar-castro-valley-3@aol.com,18911 Lake Chabot Rd
582,sweet-dee-cupcakes-and-snow-ice-san-leandro,Sweet Dee Cupcakes & Snow Ice,sweet-dee-cupcakes-and-snow-ice-san-leandro@gmail.com,109 Pelton Ctr Way
583,quickly-san-lorenzo,Quickly,quickly-san-lorenzo@bobalover.com,17940 Hesperian Blvd
584,tapioca-express-alameda,Tapioca Express,tapioca-express-alameda@aol.com,2306 Encinal Ave
585,leisure-cafe-san-leandro-2,Leisure Cafe,leisure-cafe-san-leandro-2@bobalover.com,1443 E 14th St
586,quickly-castro-valley,Quickly,quickly-castro-valley@oxy.edu,20893 Redwood Rd
587,china-kitchen-express-san-leandro,China Kitchen Express,china-kitchen-express-san-leandro@gmail.com,13780 E 14th St
588,pho-an-hoa-san-leandro,Pho An Hoa,pho-an-hoa-san-leandro@aol.com,14391 Washington Ave
589,tuttimelon-alameda,Tuttimelon,tuttimelon-alameda@gmail.com,2402 Central Ave
590,banh-mi-ba-le-oakland,Banh Mi Ba Le,banh-mi-ba-le-oakland@oxy.edu,1909 International Blvd
591,pokeatery-castro-valley,Pokeatery,pokeatery-castro-valley@gmail.com,18911 Lake Chabot Rd
592,hot-spot-alameda,Hot Spot,hot-spot-alameda@yahoo.com,2321 Santa Clara Ave
593,worlds-fare-donuts-hayward,World's Fare Donuts,worlds-fare-donuts-hayward@oxy.edu,20770 Hesperian Blvd
594,taqueria-los-pericos-san-leandro,Taqueria Los Pericos,taqueria-los-pericos-san-leandro@aol.com,1389 E 14th St
595,pho-anh-ha-san-leandro,Pho Anh-Ha,pho-anh-ha-san-leandro@gmail.com,2089 E 14th St
596,craw-station-san-leandro,Craw Station,craw-station-san-leandro@gmail.com,15040 Farnsworth St
597,r-and-d-cafe-san-lorenzo,R & D Cafe,r-and-d-cafe-san-lorenzo@oxy.edu,15813 Channel St
598,munch-hayward,Munch,munch-hayward@oxy.edu,27560 Tampa Ave
599,foodnet-supermarket-san-leandro-2,Foodnet Supermarket,foodnet-supermarket-san-leandro-2@aol.com,1960 Lewelling Blvd
600,yo-bowl-hayward,Yo Bowl,yo-bowl-hayward@yahoo.com,8 Southland Mall
601,yogurt-hill-hayward-4,Yogurt Hill,yogurt-hill-hayward-4@bobalover.com,1081 B St
602,alohana-hawaiian-grill-san-leandro,Alohana Hawaiian Grill,alohana-hawaiian-grill-san-leandro@aol.com,15555 E 14th St
